
INSERT INTO Users (id, user_id, nickname, chat_id) VALUES (1, '276658640', 'Antell1337', '276658640');

INSERT INTO SamsungMemoryConnection (modelId, paramId, id) VALUES (9, 1, 1);
INSERT INTO SamsungMemoryConnection (modelId, paramId, id) VALUES (9, 2, 2);
INSERT INTO SamsungMemoryConnection (modelId, paramId, id) VALUES (9, 3, 3);
INSERT INTO SamsungMemoryConnection (modelId, paramId, id) VALUES (10, 2, 4);
INSERT INTO SamsungMemoryConnection (modelId, paramId, id) VALUES (10, 3, 5);
INSERT INTO SamsungMemoryConnection (modelId, paramId, id) VALUES (11, 2, 6);
INSERT INTO SamsungMemoryConnection (modelId, paramId, id) VALUES (11, 4, 7);
INSERT INTO SamsungMemoryConnection (modelId, paramId, id) VALUES (11, 5, 8);
INSERT INTO SamsungMemoryConnection (modelId, paramId, id) VALUES (11, 6, 9);

INSERT INTO SamsungMemory (id, name) VALUES (1, '8/128');
INSERT INTO SamsungMemory (id, name) VALUES (2, '8/256');
INSERT INTO SamsungMemory (id, name) VALUES (3, '8/512');
INSERT INTO SamsungMemory (id, name) VALUES (4, '12/256');
INSERT INTO SamsungMemory (id, name) VALUES (5, '12/512');
INSERT INTO SamsungMemory (id, name) VALUES (6, '12/1024');

INSERT INTO SamsungCountryConnection (modelId, paramId, id) VALUES (9, 1, 1);
INSERT INTO SamsungCountryConnection (modelId, paramId, id) VALUES (9, 2, 2);
INSERT INTO SamsungCountryConnection (modelId, paramId, id) VALUES (9, 3, 3);
INSERT INTO SamsungCountryConnection (modelId, paramId, id) VALUES (9, 4, 4);
INSERT INTO SamsungCountryConnection (modelId, paramId, id) VALUES (9, 5, 5);
INSERT INTO SamsungCountryConnection (modelId, paramId, id) VALUES (9, 6, 6);
INSERT INTO SamsungCountryConnection (modelId, paramId, id) VALUES (9, 7, 7);
INSERT INTO SamsungCountryConnection (modelId, paramId, id) VALUES (9, 8, 8);
INSERT INTO SamsungCountryConnection (modelId, paramId, id) VALUES (9, 9, 9);
INSERT INTO SamsungCountryConnection (modelId, paramId, id) VALUES (9, 10, 10);
INSERT INTO SamsungCountryConnection (modelId, paramId, id) VALUES (10, 1, 11);
INSERT INTO SamsungCountryConnection (modelId, paramId, id) VALUES (10, 2, 12);
INSERT INTO SamsungCountryConnection (modelId, paramId, id) VALUES (10, 3, 13);
INSERT INTO SamsungCountryConnection (modelId, paramId, id) VALUES (10, 4, 14);
INSERT INTO SamsungCountryConnection (modelId, paramId, id) VALUES (10, 5, 15);
INSERT INTO SamsungCountryConnection (modelId, paramId, id) VALUES (10, 6, 16);
INSERT INTO SamsungCountryConnection (modelId, paramId, id) VALUES (10, 7, 17);
INSERT INTO SamsungCountryConnection (modelId, paramId, id) VALUES (10, 8, 18);
INSERT INTO SamsungCountryConnection (modelId, paramId, id) VALUES (10, 9, 19);
INSERT INTO SamsungCountryConnection (modelId, paramId, id) VALUES (10, 10, 20);
INSERT INTO SamsungCountryConnection (modelId, paramId, id) VALUES (11, 1, 21);
INSERT INTO SamsungCountryConnection (modelId, paramId, id) VALUES (11, 2, 22);
INSERT INTO SamsungCountryConnection (modelId, paramId, id) VALUES (11, 3, 23);
INSERT INTO SamsungCountryConnection (modelId, paramId, id) VALUES (11, 4, 24);
INSERT INTO SamsungCountryConnection (modelId, paramId, id) VALUES (11, 5, 25);
INSERT INTO SamsungCountryConnection (modelId, paramId, id) VALUES (11, 6, 26);
INSERT INTO SamsungCountryConnection (modelId, paramId, id) VALUES (11, 7, 27);
INSERT INTO SamsungCountryConnection (modelId, paramId, id) VALUES (11, 8, 28);
INSERT INTO SamsungCountryConnection (modelId, paramId, id) VALUES (11, 9, 29);
INSERT INTO SamsungCountryConnection (modelId, paramId, id) VALUES (11, 10, 30);

INSERT INTO SamsungCountry (id, name) VALUES (1, '??');
INSERT INTO SamsungCountry (id, name) VALUES (2, '??');
INSERT INTO SamsungCountry (id, name) VALUES (3, '??');
INSERT INTO SamsungCountry (id, name) VALUES (4, '??');
INSERT INTO SamsungCountry (id, name) VALUES (5, '??');
INSERT INTO SamsungCountry (id, name) VALUES (6, '??');
INSERT INTO SamsungCountry (id, name) VALUES (7, '??');
INSERT INTO SamsungCountry (id, name) VALUES (8, '??');
INSERT INTO SamsungCountry (id, name) VALUES (9, '??');
INSERT INTO SamsungCountry (id, name) VALUES (10, '??');

INSERT INTO SamsungColorConnection (modelId, paramId, id) VALUES (9, 1, 1);
INSERT INTO SamsungColorConnection (modelId, paramId, id) VALUES (9, 2, 2);
INSERT INTO SamsungColorConnection (modelId, paramId, id) VALUES (9, 3, 3);
INSERT INTO SamsungColorConnection (modelId, paramId, id) VALUES (9, 4, 4);
INSERT INTO SamsungColorConnection (modelId, paramId, id) VALUES (10, 1, 5);
INSERT INTO SamsungColorConnection (modelId, paramId, id) VALUES (10, 2, 6);
INSERT INTO SamsungColorConnection (modelId, paramId, id) VALUES (10, 3, 7);
INSERT INTO SamsungColorConnection (modelId, paramId, id) VALUES (10, 4, 8);
INSERT INTO SamsungColorConnection (modelId, paramId, id) VALUES (11, 1, 9);
INSERT INTO SamsungColorConnection (modelId, paramId, id) VALUES (11, 2, 10);
INSERT INTO SamsungColorConnection (modelId, paramId, id) VALUES (11, 3, 11);
INSERT INTO SamsungColorConnection (modelId, paramId, id) VALUES (11, 4, 12);
INSERT INTO SamsungColorConnection (modelId, paramId, id) VALUES (11, 5, 13);
INSERT INTO SamsungColorConnection (modelId, paramId, id) VALUES (11, 6, 14);
INSERT INTO SamsungColorConnection (modelId, paramId, id) VALUES (11, 7, 15);
INSERT INTO SamsungColorConnection (modelId, paramId, id) VALUES (11, 8, 16);

INSERT INTO SamsungColor (id, name) VALUES (1, 'Green');
INSERT INTO SamsungColor (id, name) VALUES (2, 'Cream');
INSERT INTO SamsungColor (id, name) VALUES (3, 'Lavanda');
INSERT INTO SamsungColor (id, name) VALUES (4, 'Black');
INSERT INTO SamsungColor (id, name) VALUES (5, 'Blue');
INSERT INTO SamsungColor (id, name) VALUES (6, 'Grey');
INSERT INTO SamsungColor (id, name) VALUES (7, 'Red');
INSERT INTO SamsungColor (id, name) VALUES (8, 'Lime');

INSERT INTO product (id, name) VALUES (1, 'iPhone');
INSERT INTO product (id, name) VALUES (2, 'Samsung');

INSERT INTO model (id, productId, name, paramsStr) VALUES (1, 1, '14', 'Memory; Color; Country');
INSERT INTO model (id, productId, name, paramsStr) VALUES (2, 1, '14 Pro', 'Memory; Color; Country');
INSERT INTO model (id, productId, name, paramsStr) VALUES (3, 1, '14 Pro Max', 'Memory; Color; Country');
INSERT INTO model (id, productId, name, paramsStr) VALUES (4, 1, '14 Plus', 'Memory; Color; Country');
INSERT INTO model (id, productId, name, paramsStr) VALUES (5, 1, '13', 'Memory; Color; Country');
INSERT INTO model (id, productId, name, paramsStr) VALUES (6, 1, '13 Pro', 'Memory; Color; Country');
INSERT INTO model (id, productId, name, paramsStr) VALUES (7, 1, '13 Pro Max', 'Memory; Color; Country');
INSERT INTO model (id, productId, name, paramsStr) VALUES (8, 1, '13 Mini', 'Memory; Color; Country');
INSERT INTO model (id, productId, name, paramsStr) VALUES (9, 2, 'S23', 'Memory; Color; Country');
INSERT INTO model (id, productId, name, paramsStr) VALUES (10, 2, 'S23+', 'Memory; Color; Country');
INSERT INTO model (id, productId, name, paramsStr) VALUES (11, 2, 'S23 Ultra', 'Memory; Color; Country');

INSERT INTO iPhoneOffer (id, model, Memory, Color, Country, price, "user") VALUES (3, '14 Pro', '1024', 'Silver', '2Sim', '150000', '@antell');
INSERT INTO iPhoneOffer (id, model, Memory, Color, Country, price, "user") VALUES (4, '14', '512', 'Starlight', '2Sim', '75000', '@antell');
INSERT INTO iPhoneOffer (id, model, Memory, Color, Country, price, "user") VALUES (7, '14', '512', 'Midnight', 'eSim', '1234567890', '@noxtenebris');
INSERT INTO iPhoneOffer (id, model, Memory, Color, Country, price, "user") VALUES (14, '14 Pro Max', '128', 'Black', '??', '115000', '@Antell1337');

INSERT INTO iPhoneMemoryConnection (modelId, paramId, id) VALUES (1, 1, 1);
INSERT INTO iPhoneMemoryConnection (modelId, paramId, id) VALUES (1, 2, 2);
INSERT INTO iPhoneMemoryConnection (modelId, paramId, id) VALUES (1, 3, 3);
INSERT INTO iPhoneMemoryConnection (modelId, paramId, id) VALUES (4, 1, 4);
INSERT INTO iPhoneMemoryConnection (modelId, paramId, id) VALUES (4, 2, 5);
INSERT INTO iPhoneMemoryConnection (modelId, paramId, id) VALUES (4, 3, 6);
INSERT INTO iPhoneMemoryConnection (modelId, paramId, id) VALUES (2, 1, 7);
INSERT INTO iPhoneMemoryConnection (modelId, paramId, id) VALUES (2, 2, 8);
INSERT INTO iPhoneMemoryConnection (modelId, paramId, id) VALUES (2, 3, 9);
INSERT INTO iPhoneMemoryConnection (modelId, paramId, id) VALUES (2, 4, 10);
INSERT INTO iPhoneMemoryConnection (modelId, paramId, id) VALUES (3, 1, 11);
INSERT INTO iPhoneMemoryConnection (modelId, paramId, id) VALUES (3, 2, 12);
INSERT INTO iPhoneMemoryConnection (modelId, paramId, id) VALUES (3, 3, 13);
INSERT INTO iPhoneMemoryConnection (modelId, paramId, id) VALUES (3, 4, 14);
INSERT INTO iPhoneMemoryConnection (modelId, paramId, id) VALUES (5, 1, 15);
INSERT INTO iPhoneMemoryConnection (modelId, paramId, id) VALUES (5, 2, 16);
INSERT INTO iPhoneMemoryConnection (modelId, paramId, id) VALUES (5, 3, 17);
INSERT INTO iPhoneMemoryConnection (modelId, paramId, id) VALUES (8, 1, 18);
INSERT INTO iPhoneMemoryConnection (modelId, paramId, id) VALUES (8, 2, 19);
INSERT INTO iPhoneMemoryConnection (modelId, paramId, id) VALUES (8, 3, 20);
INSERT INTO iPhoneMemoryConnection (modelId, paramId, id) VALUES (6, 1, 21);
INSERT INTO iPhoneMemoryConnection (modelId, paramId, id) VALUES (6, 2, 22);
INSERT INTO iPhoneMemoryConnection (modelId, paramId, id) VALUES (6, 3, 23);
INSERT INTO iPhoneMemoryConnection (modelId, paramId, id) VALUES (6, 4, 24);
INSERT INTO iPhoneMemoryConnection (modelId, paramId, id) VALUES (7, 1, 25);
INSERT INTO iPhoneMemoryConnection (modelId, paramId, id) VALUES (7, 2, 26);
INSERT INTO iPhoneMemoryConnection (modelId, paramId, id) VALUES (7, 3, 27);
INSERT INTO iPhoneMemoryConnection (modelId, paramId, id) VALUES (7, 4, 28);

INSERT INTO iPhoneMemory (id, name) VALUES (1, '128');
INSERT INTO iPhoneMemory (id, name) VALUES (2, '256');
INSERT INTO iPhoneMemory (id, name) VALUES (3, '512');
INSERT INTO iPhoneMemory (id, name) VALUES (4, '1024');

INSERT INTO iPhoneCountryConnection (modelId, paramId, id) VALUES (1, 1, 1);
INSERT INTO iPhoneCountryConnection (modelId, paramId, id) VALUES (1, 2, 2);
INSERT INTO iPhoneCountryConnection (modelId, paramId, id) VALUES (1, 3, 3);
INSERT INTO iPhoneCountryConnection (modelId, paramId, id) VALUES (1, 4, 4);
INSERT INTO iPhoneCountryConnection (modelId, paramId, id) VALUES (1, 5, 5);
INSERT INTO iPhoneCountryConnection (modelId, paramId, id) VALUES (1, 6, 6);
INSERT INTO iPhoneCountryConnection (modelId, paramId, id) VALUES (1, 7, 7);
INSERT INTO iPhoneCountryConnection (modelId, paramId, id) VALUES (1, 8, 8);
INSERT INTO iPhoneCountryConnection (modelId, paramId, id) VALUES (1, 9, 9);
INSERT INTO iPhoneCountryConnection (modelId, paramId, id) VALUES (1, 10, 10);
INSERT INTO iPhoneCountryConnection (modelId, paramId, id) VALUES (2, 1, 11);
INSERT INTO iPhoneCountryConnection (modelId, paramId, id) VALUES (2, 2, 12);
INSERT INTO iPhoneCountryConnection (modelId, paramId, id) VALUES (2, 3, 13);
INSERT INTO iPhoneCountryConnection (modelId, paramId, id) VALUES (2, 4, 14);
INSERT INTO iPhoneCountryConnection (modelId, paramId, id) VALUES (2, 5, 15);
INSERT INTO iPhoneCountryConnection (modelId, paramId, id) VALUES (2, 6, 16);
INSERT INTO iPhoneCountryConnection (modelId, paramId, id) VALUES (2, 7, 17);
INSERT INTO iPhoneCountryConnection (modelId, paramId, id) VALUES (2, 8, 18);
INSERT INTO iPhoneCountryConnection (modelId, paramId, id) VALUES (2, 9, 19);
INSERT INTO iPhoneCountryConnection (modelId, paramId, id) VALUES (2, 10, 20);
INSERT INTO iPhoneCountryConnection (modelId, paramId, id) VALUES (3, 1, 21);
INSERT INTO iPhoneCountryConnection (modelId, paramId, id) VALUES (3, 2, 22);
INSERT INTO iPhoneCountryConnection (modelId, paramId, id) VALUES (3, 3, 23);
INSERT INTO iPhoneCountryConnection (modelId, paramId, id) VALUES (3, 4, 24);
INSERT INTO iPhoneCountryConnection (modelId, paramId, id) VALUES (3, 5, 25);
INSERT INTO iPhoneCountryConnection (modelId, paramId, id) VALUES (3, 6, 26);
INSERT INTO iPhoneCountryConnection (modelId, paramId, id) VALUES (3, 7, 27);
INSERT INTO iPhoneCountryConnection (modelId, paramId, id) VALUES (3, 8, 28);
INSERT INTO iPhoneCountryConnection (modelId, paramId, id) VALUES (3, 9, 29);
INSERT INTO iPhoneCountryConnection (modelId, paramId, id) VALUES (3, 10, 30);
INSERT INTO iPhoneCountryConnection (modelId, paramId, id) VALUES (4, 1, 31);
INSERT INTO iPhoneCountryConnection (modelId, paramId, id) VALUES (4, 2, 32);
INSERT INTO iPhoneCountryConnection (modelId, paramId, id) VALUES (4, 3, 33);
INSERT INTO iPhoneCountryConnection (modelId, paramId, id) VALUES (4, 4, 34);
INSERT INTO iPhoneCountryConnection (modelId, paramId, id) VALUES (4, 5, 35);
INSERT INTO iPhoneCountryConnection (modelId, paramId, id) VALUES (4, 6, 36);
INSERT INTO iPhoneCountryConnection (modelId, paramId, id) VALUES (4, 7, 37);
INSERT INTO iPhoneCountryConnection (modelId, paramId, id) VALUES (4, 8, 38);
INSERT INTO iPhoneCountryConnection (modelId, paramId, id) VALUES (4, 9, 39);
INSERT INTO iPhoneCountryConnection (modelId, paramId, id) VALUES (4, 10, 40);
INSERT INTO iPhoneCountryConnection (modelId, paramId, id) VALUES (5, 1, 41);
INSERT INTO iPhoneCountryConnection (modelId, paramId, id) VALUES (5, 2, 42);
INSERT INTO iPhoneCountryConnection (modelId, paramId, id) VALUES (5, 3, 43);
INSERT INTO iPhoneCountryConnection (modelId, paramId, id) VALUES (5, 4, 44);
INSERT INTO iPhoneCountryConnection (modelId, paramId, id) VALUES (5, 5, 45);
INSERT INTO iPhoneCountryConnection (modelId, paramId, id) VALUES (5, 6, 46);
INSERT INTO iPhoneCountryConnection (modelId, paramId, id) VALUES (5, 7, 47);
INSERT INTO iPhoneCountryConnection (modelId, paramId, id) VALUES (5, 8, 48);
INSERT INTO iPhoneCountryConnection (modelId, paramId, id) VALUES (5, 9, 49);
INSERT INTO iPhoneCountryConnection (modelId, paramId, id) VALUES (5, 10, 50);
INSERT INTO iPhoneCountryConnection (modelId, paramId, id) VALUES (6, 1, 51);
INSERT INTO iPhoneCountryConnection (modelId, paramId, id) VALUES (6, 2, 52);
INSERT INTO iPhoneCountryConnection (modelId, paramId, id) VALUES (6, 3, 53);
INSERT INTO iPhoneCountryConnection (modelId, paramId, id) VALUES (6, 4, 54);
INSERT INTO iPhoneCountryConnection (modelId, paramId, id) VALUES (6, 5, 55);
INSERT INTO iPhoneCountryConnection (modelId, paramId, id) VALUES (6, 6, 56);
INSERT INTO iPhoneCountryConnection (modelId, paramId, id) VALUES (6, 7, 57);
INSERT INTO iPhoneCountryConnection (modelId, paramId, id) VALUES (6, 8, 58);
INSERT INTO iPhoneCountryConnection (modelId, paramId, id) VALUES (6, 9, 59);
INSERT INTO iPhoneCountryConnection (modelId, paramId, id) VALUES (6, 10, 60);
INSERT INTO iPhoneCountryConnection (modelId, paramId, id) VALUES (7, 1, 61);
INSERT INTO iPhoneCountryConnection (modelId, paramId, id) VALUES (7, 2, 62);
INSERT INTO iPhoneCountryConnection (modelId, paramId, id) VALUES (7, 3, 63);
INSERT INTO iPhoneCountryConnection (modelId, paramId, id) VALUES (7, 4, 64);
INSERT INTO iPhoneCountryConnection (modelId, paramId, id) VALUES (7, 5, 65);
INSERT INTO iPhoneCountryConnection (modelId, paramId, id) VALUES (7, 6, 66);
INSERT INTO iPhoneCountryConnection (modelId, paramId, id) VALUES (7, 7, 67);
INSERT INTO iPhoneCountryConnection (modelId, paramId, id) VALUES (7, 8, 68);
INSERT INTO iPhoneCountryConnection (modelId, paramId, id) VALUES (7, 9, 69);
INSERT INTO iPhoneCountryConnection (modelId, paramId, id) VALUES (7, 10, 70);
INSERT INTO iPhoneCountryConnection (modelId, paramId, id) VALUES (8, 1, 71);
INSERT INTO iPhoneCountryConnection (modelId, paramId, id) VALUES (8, 2, 72);
INSERT INTO iPhoneCountryConnection (modelId, paramId, id) VALUES (8, 3, 73);
INSERT INTO iPhoneCountryConnection (modelId, paramId, id) VALUES (8, 4, 74);
INSERT INTO iPhoneCountryConnection (modelId, paramId, id) VALUES (8, 5, 75);
INSERT INTO iPhoneCountryConnection (modelId, paramId, id) VALUES (8, 6, 76);
INSERT INTO iPhoneCountryConnection (modelId, paramId, id) VALUES (8, 7, 77);
INSERT INTO iPhoneCountryConnection (modelId, paramId, id) VALUES (8, 8, 78);
INSERT INTO iPhoneCountryConnection (modelId, paramId, id) VALUES (8, 9, 79);
INSERT INTO iPhoneCountryConnection (modelId, paramId, id) VALUES (8, 10, 80);

INSERT INTO iPhoneCountry (id, name) VALUES (1, '??');
INSERT INTO iPhoneCountry (id, name) VALUES (2, '??');
INSERT INTO iPhoneCountry (id, name) VALUES (3, '??');
INSERT INTO iPhoneCountry (id, name) VALUES (4, '??');
INSERT INTO iPhoneCountry (id, name) VALUES (5, '??');
INSERT INTO iPhoneCountry (id, name) VALUES (6, '??');
INSERT INTO iPhoneCountry (id, name) VALUES (7, '??');
INSERT INTO iPhoneCountry (id, name) VALUES (8, '??');
INSERT INTO iPhoneCountry (id, name) VALUES (9, '??');
INSERT INTO iPhoneCountry (id, name) VALUES (10, '??');

INSERT INTO iPhoneColorConnection (modelId, paramId, id) VALUES (1, 1, 1);
INSERT INTO iPhoneColorConnection (modelId, paramId, id) VALUES (1, 2, 2);
INSERT INTO iPhoneColorConnection (modelId, paramId, id) VALUES (1, 3, 3);
INSERT INTO iPhoneColorConnection (modelId, paramId, id) VALUES (1, 4, 4);
INSERT INTO iPhoneColorConnection (modelId, paramId, id) VALUES (1, 5, 5);
INSERT INTO iPhoneColorConnection (modelId, paramId, id) VALUES (4, 1, 6);
INSERT INTO iPhoneColorConnection (modelId, paramId, id) VALUES (4, 2, 7);
INSERT INTO iPhoneColorConnection (modelId, paramId, id) VALUES (4, 3, 8);
INSERT INTO iPhoneColorConnection (modelId, paramId, id) VALUES (4, 4, 9);
INSERT INTO iPhoneColorConnection (modelId, paramId, id) VALUES (4, 5, 10);
INSERT INTO iPhoneColorConnection (modelId, paramId, id) VALUES (2, 6, 11);
INSERT INTO iPhoneColorConnection (modelId, paramId, id) VALUES (2, 7, 12);
INSERT INTO iPhoneColorConnection (modelId, paramId, id) VALUES (2, 8, 13);
INSERT INTO iPhoneColorConnection (modelId, paramId, id) VALUES (2, 9, 14);
INSERT INTO iPhoneColorConnection (modelId, paramId, id) VALUES (3, 6, 15);
INSERT INTO iPhoneColorConnection (modelId, paramId, id) VALUES (3, 7, 16);
INSERT INTO iPhoneColorConnection (modelId, paramId, id) VALUES (3, 8, 17);
INSERT INTO iPhoneColorConnection (modelId, paramId, id) VALUES (3, 9, 18);
INSERT INTO iPhoneColorConnection (modelId, paramId, id) VALUES (5, 1, 19);
INSERT INTO iPhoneColorConnection (modelId, paramId, id) VALUES (5, 2, 20);
INSERT INTO iPhoneColorConnection (modelId, paramId, id) VALUES (5, 4, 21);
INSERT INTO iPhoneColorConnection (modelId, paramId, id) VALUES (5, 10, 22);
INSERT INTO iPhoneColorConnection (modelId, paramId, id) VALUES (5, 11, 23);
INSERT INTO iPhoneColorConnection (modelId, paramId, id) VALUES (5, 12, 24);
INSERT INTO iPhoneColorConnection (modelId, paramId, id) VALUES (8, 1, 25);
INSERT INTO iPhoneColorConnection (modelId, paramId, id) VALUES (8, 2, 26);
INSERT INTO iPhoneColorConnection (modelId, paramId, id) VALUES (8, 4, 27);
INSERT INTO iPhoneColorConnection (modelId, paramId, id) VALUES (8, 10, 28);
INSERT INTO iPhoneColorConnection (modelId, paramId, id) VALUES (8, 11, 29);
INSERT INTO iPhoneColorConnection (modelId, paramId, id) VALUES (8, 12, 30);
INSERT INTO iPhoneColorConnection (modelId, paramId, id) VALUES (6, 1, 31);
INSERT INTO iPhoneColorConnection (modelId, paramId, id) VALUES (6, 7, 32);
INSERT INTO iPhoneColorConnection (modelId, paramId, id) VALUES (6, 8, 33);
INSERT INTO iPhoneColorConnection (modelId, paramId, id) VALUES (6, 9, 34);
INSERT INTO iPhoneColorConnection (modelId, paramId, id) VALUES (6, 11, 35);
INSERT INTO iPhoneColorConnection (modelId, paramId, id) VALUES (7, 1, 36);
INSERT INTO iPhoneColorConnection (modelId, paramId, id) VALUES (7, 7, 37);
INSERT INTO iPhoneColorConnection (modelId, paramId, id) VALUES (7, 8, 38);
INSERT INTO iPhoneColorConnection (modelId, paramId, id) VALUES (7, 9, 39);
INSERT INTO iPhoneColorConnection (modelId, paramId, id) VALUES (7, 11, 40);

INSERT INTO iPhoneColor (id, name) VALUES (1, 'Blue');
INSERT INTO iPhoneColor (id, name) VALUES (2, 'Starlight');
INSERT INTO iPhoneColor (id, name) VALUES (3, 'Purple');
INSERT INTO iPhoneColor (id, name) VALUES (4, 'Midnight');
INSERT INTO iPhoneColor (id, name) VALUES (5, 'Yellow');
INSERT INTO iPhoneColor (id, name) VALUES (6, 'Deep Purple');
INSERT INTO iPhoneColor (id, name) VALUES (7, 'Black');
INSERT INTO iPhoneColor (id, name) VALUES (8, 'Gold');
INSERT INTO iPhoneColor (id, name) VALUES (9, 'Silver');
INSERT INTO iPhoneColor (id, name) VALUES (10, 'Pink');
INSERT INTO iPhoneColor (id, name) VALUES (11, 'Green');
INSERT INTO iPhoneColor (id, name) VALUES (12, 'Red');